<?xml version="1.0" encoding="UTF-8"?>
<!DOCTYPE suite SYSTEM "https://testng.org/testng-1.0.dtd">
<suite name="Failed suite [Default Suite]" guice-stage="DEVELOPMENT">
  <test thread-count="5" name="Celonis(failed)">
    <classes>
      <class name="com.agGrid.LandingTest">
        <methods>
          <include name="tearDown"/>
          <include name="landingPageTests"/>
          <include name="setup"/>
        </methods>
      </class> <!-- com.agGrid.LandingTest -->
    </classes>
  </test> <!-- Celonis(failed) -->
</suite> <!-- Failed suite [Default Suite] -->
